{
  "id": "3320674",
  "name": "E-Cube Icons",
  "font_family": "eicons",
  "css_prefix_text": "icon-ecube",
  "description": "ESP32 LVGL Icons",
  "glyphs": [
    {
      "icon_id": "15838424",
      "name": "add",
      "font_class": "add",
      "unicode": "e664",
      "unicode_decimal": 58980
    },
    {
      "icon_id": "15838426",
      "name": "adjust",
      "font_class": "adjust",
      "unicode": "e665",
      "unicode_decimal": 58981
    },
    {
      "icon_id": "15838429",
      "name": "arrow-down",
      "font_class": "arrow-down",
      "unicode": "e666",
      "unicode_decimal": 58982
    },
    {
      "icon_id": "15838430",
      "name": "ashbin",
      "font_class": "ashbin",
      "unicode": "e667",
      "unicode_decimal": 58983
    },
    {
      "icon_id": "15838431",
      "name": "arrow-right",
      "font_class": "arrow-right",
      "unicode": "e668",
      "unicode_decimal": 58984
    },
    {
      "icon_id": "15838433",
      "name": "bottom",
      "font_class": "bottom",
      "unicode": "e669",
      "unicode_decimal": 58985
    },
    {
      "icon_id": "15838434",
      "name": "back",
      "font_class": "back",
      "unicode": "e66a",
      "unicode_decimal": 58986
    },
    {
      "icon_id": "15838444",
      "name": "close",
      "font_class": "close",
      "unicode": "e66b",
      "unicode_decimal": 58987
    },
    {
      "icon_id": "15838446",
      "name": "calendar",
      "font_class": "calendar",
      "unicode": "e66c",
      "unicode_decimal": 58988
    },
    {
      "icon_id": "15838455",
      "name": "direction-down",
      "font_class": "direction-down",
      "unicode": "e66d",
      "unicode_decimal": 58989
    },
    {
      "icon_id": "15838458",
      "name": "data-view",
      "font_class": "data-view",
      "unicode": "e66e",
      "unicode_decimal": 58990
    },
    {
      "icon_id": "15838461",
      "name": "direction-up",
      "font_class": "direction-up",
      "unicode": "e66f",
      "unicode_decimal": 58991
    },
    {
      "icon_id": "15838470",
      "name": "edit",
      "font_class": "edit",
      "unicode": "e670",
      "unicode_decimal": 58992
    },
    {
      "icon_id": "15838485",
      "name": "home",
      "font_class": "home",
      "unicode": "e674",
      "unicode_decimal": 58996
    },
    {
      "icon_id": "15838496",
      "name": "layers",
      "font_class": "layers",
      "unicode": "e675",
      "unicode_decimal": 58997
    },
    {
      "icon_id": "15838497",
      "name": "lock",
      "font_class": "lock",
      "unicode": "e676",
      "unicode_decimal": 58998
    },
    {
      "icon_id": "15838501",
      "name": "menu",
      "font_class": "menu",
      "unicode": "e677",
      "unicode_decimal": 58999
    },
    {
      "icon_id": "15838505",
      "name": "modular",
      "font_class": "modular",
      "unicode": "e678",
      "unicode_decimal": 59000
    },
    {
      "icon_id": "15838508",
      "name": "more",
      "font_class": "more",
      "unicode": "e679",
      "unicode_decimal": 59001
    },
    {
      "icon_id": "15838525",
      "name": "search",
      "font_class": "search",
      "unicode": "e67d",
      "unicode_decimal": 59005
    },
    {
      "icon_id": "15838530",
      "name": "select",
      "font_class": "select",
      "unicode": "e67e",
      "unicode_decimal": 59006
    },
    {
      "icon_id": "15838532",
      "name": "success",
      "font_class": "success",
      "unicode": "e67f",
      "unicode_decimal": 59007
    },
    {
      "icon_id": "15838533",
      "name": "smile",
      "font_class": "smile",
      "unicode": "e680",
      "unicode_decimal": 59008
    },
    {
      "icon_id": "15838534",
      "name": "switch",
      "font_class": "switch",
      "unicode": "e681",
      "unicode_decimal": 59009
    },
    {
      "icon_id": "15838535",
      "name": "setting",
      "font_class": "setting",
      "unicode": "e682",
      "unicode_decimal": 59010
    },
    {
      "icon_id": "15838540",
      "name": "time",
      "font_class": "time",
      "unicode": "e683",
      "unicode_decimal": 59011
    },
    {
      "icon_id": "15838545",
      "name": "top",
      "font_class": "top",
      "unicode": "e684",
      "unicode_decimal": 59012
    },
    {
      "icon_id": "15838547",
      "name": "user",
      "font_class": "user",
      "unicode": "e685",
      "unicode_decimal": 59013
    },
    {
      "icon_id": "15838561",
      "name": "arrow-left-bold",
      "font_class": "arrow-left-bold",
      "unicode": "e686",
      "unicode_decimal": 59014
    },
    {
      "icon_id": "15838562",
      "name": "arrow-up-bold",
      "font_class": "arrow-up-bold",
      "unicode": "e687",
      "unicode_decimal": 59015
    },
    {
      "icon_id": "15838563",
      "name": "close-bold",
      "font_class": "close-bold",
      "unicode": "e688",
      "unicode_decimal": 59016
    },
    {
      "icon_id": "15838564",
      "name": "arrow-down-bold",
      "font_class": "arrow-down-bold",
      "unicode": "e689",
      "unicode_decimal": 59017
    },
    {
      "icon_id": "15838566",
      "name": "arrow-right-bold",
      "font_class": "arrow-right-bold",
      "unicode": "e68a",
      "unicode_decimal": 59018
    }
  ]
}
